<?xml version="1.0" encoding="UTF-8"?>
<project xmlns="http://www.netbeans.org/ns/project/1">
    <type>com.microchip.mplab.nbide.embedded.makeproject</type>
    <configuration>
        <data xmlns="http://www.netbeans.org/ns/make-project/1">
            <name>vtouch_8722</name>
            <creation-uuid>c3641c46-7d11-4903-b528-0b32eb3e9326</creation-uuid>
            <make-project-type>0</make-project-type>
            <c-extensions>c</c-extensions>
            <cpp-extensions/>
            <header-extensions/>
            <asminc-extensions/>
            <sourceEncoding>ISO-8859-1</sourceEncoding>
            <make-dep-projects/>
        </data>
        <spellchecker-wordlist xmlns="http://www.netbeans.org/ns/spellchecker-wordlist/1">
            <word>touchscreen</word>
        </spellchecker-wordlist>
    </configuration>
</project>
